<?xml version="1.0" encoding="iso-8859-1"?>
<foed>
   <book>
      <book_name>XML for Flash</book_name>
	  <author>Sas Jacobs</author>
	  <cover>assets/jacobs.jpg</cover>
   </book>   
   <book>
      <book_name>Foundation Flash 8 Video</book_name>
	  <author>Tom Green</author>
	  <cover>assets/green.jpg</cover>
   </book>   
   <book>
      <book_name>Object Oriented Programming for Flash 8</book_name>
	  <author>Peter Elst</author>
	  <cover>assets/elst.jpg</cover>
   </book>  
   <book>
      <book_name>Foundation ActionScript Animation: Making Things Move</book_name>
	  <author>Keith Peters</author>
	  <cover>assets/peters.jpg</cover>
   </book>
</foed>